2026-04-27 22:14:07,baseline,none,best_ckpt/g_best_vb,2.26 M,80.93 GFLOPS,21.09 GMACs,3.44118,4.699620,3.89362,4.16901,10.17739,0.95407
2026-05-01 02:01:21,pruning_unstr_l1_0.2_con2d,pruning,best_ckpt/g_best_vb,2.26 M,80.93 GFLOPS,21.09 GMACs,3.39557,4.693355,3.72765,4.14075,7.88964,0.95405
2026-05-01 09:06:35,pruning_unstr_l1_0.3_con2d,pruning,best_ckpt/g_best_vb,2.26 M,80.93 GFLOPS,21.09 GMACs,3.36026,4.677207,3.63980,4.11373,6.76938,0.95438
2026-05-01 09:37:17,pruning_unstr_l1_0.4_con2d,pruning,best_ckpt/g_best_vb,2.26 M,80.93 GFLOPS,21.09 GMACs,3.27800,4.612876,3.55282,4.02780,6.02865,0.95386
2026-05-01 10:03:16,pruning_unstr_l1_0.5_con2d,pruning,best_ckpt/g_best_vb,2.26 M,80.93 GFLOPS,21.09 GMACs,3.21989,4.595575,3.50243,3.98738,5.66491,0.95319
2026-05-01 10:29:07,pruning_unstr_l1_0.1_con2d,pruning,best_ckpt/g_best_vb,2.26 M,80.93 GFLOPS,21.09 GMACs,3.44029,4.699083,3.88314,4.16818,10.01824,0.95403
2026-05-01 14:00:40,pruning_unstr_l1_0.1_con2d_nophase,pruning,best_ckpt/g_best_vb,2.26 M,80.93 GFLOPS,21.09 GMACs,3.44005,4.699020,3.87989,4.16799,9.96848,0.95403
2026-05-01 17:53:48,pruning_unstr_l1_0.2_con2d_nophase,pruning,best_ckpt/g_best_vb,2.26 M,80.93 GFLOPS,21.09 GMACs,3.39619,4.693690,3.72790,4.14127,7.88905,0.95407
2026-05-01 18:31:03,pruning_unstr_l1_0.3_con2d_nophase,pruning,best_ckpt/g_best_vb,2.26 M,80.93 GFLOPS,21.09 GMACs,3.36033,4.677528,3.64042,4.11387,6.77852,0.95442
2026-05-02 11:42:51,pruning_unstr_l1_0.4_con2d_nophase,pruning,best_ckpt/g_best_vb,2.26 M,80.93 GFLOPS,21.09 GMACs,3.27930,4.613408,3.55481,4.02910,6.04872,0.95396
2026-05-02 12:08:01,pruning_unstr_l1_0.5_con2d_nophase,pruning,best_ckpt/g_best_vb,2.26 M,80.93 GFLOPS,21.09 GMACs,3.21948,4.595739,3.50585,3.98742,5.72138,0.95333
2026-05-05 08:59:19,pruning_unstr_l1_0.1_con2d_finetune,pruning,best_ckpt/g_best_vb,2.26 M,80.93 GFLOPS,21.09 GMACs,3.38057,4.720897,3.91512,4.15453,10.93146,0.96127
2026-05-05 09:44:45,pruning_unstr_l1_0.2_con2d_finetune,pruning,best_ckpt/g_best_vb,2.26 M,80.93 GFLOPS,21.09 GMACs,3.38740,4.721439,3.91674,4.15947,10.90477,0.96123
2026-05-05 10:30:07,pruning_unstr_l1_0.3_con2d_finetune,pruning,best_ckpt/g_best_vb,2.26 M,80.93 GFLOPS,21.09 GMACs,3.38704,4.722315,3.91652,4.15925,10.90399,0.96125
2026-05-05 11:15:31,pruning_unstr_l1_0.4_con2d_finetune,pruning,best_ckpt/g_best_vb,2.26 M,80.93 GFLOPS,21.09 GMACs,3.36859,4.716285,3.90264,4.14376,10.82934,0.96100
2026-05-05 12:01:12,pruning_unstr_l1_0.5_con2d_finetune,pruning,best_ckpt/g_best_vb,2.26 M,80.93 GFLOPS,21.09 GMACs,3.36289,4.712448,3.89058,4.13792,10.68167,0.96091
2026-05-10 23:55:55,pruning_unstr_l1_0.1_con2d+linear,pruning,best_ckpt/g_best_vb,2.26 M,80.93 GFLOPS,21.09 GMACs,3.44169,4.701265,3.88324,4.17042,10.01020,0.95407
2026-05-11 00:23:51,pruning_unstr_l1_0.2_con2d+linear,pruning,best_ckpt/g_best_vb,2.26 M,80.93 GFLOPS,21.09 GMACs,3.40431,4.698878,3.73306,4.14689,7.91088,0.95477
2026-05-11 00:51:30,pruning_unstr_l1_0.3_con2d+linear,pruning,best_ckpt/g_best_vb,2.26 M,80.93 GFLOPS,21.09 GMACs,3.39364,4.705715,3.66147,4.14739,6.86432,0.95648
2026-05-11 01:20:32,pruning_unstr_l1_0.4_con2d+linear,pruning,best_ckpt/g_best_vb,2.26 M,80.93 GFLOPS,21.09 GMACs,3.31490,4.655937,3.57221,4.07059,6.06701,0.95598
2026-05-11 01:50:09,pruning_unstr_l1_0.5_con2d+linear,pruning,best_ckpt/g_best_vb,2.26 M,80.93 GFLOPS,21.09 GMACs,3.26643,4.648200,3.52508,4.03968,5.68354,0.95602
2026-05-17 01:39:34,pruning_unstr_l1_0.1_linear,pruning,best_ckpt/g_best_vb,2.26 M,80.93 GFLOPS,21.09 GMACs,3.44298,4.701812,3.89394,4.17158,10.16980,0.95409
2026-05-17 03:41:05,pruning_unstr_l1_0.2_linear,pruning,best_ckpt/g_best_vb,2.26 M,80.93 GFLOPS,21.09 GMACs,3.44918,4.704355,3.89787,4.17438,10.18627,0.95474
2026-05-17 04:10:14,pruning_unstr_l1_0.3_linear,pruning,best_ckpt/g_best_vb,2.26 M,80.93 GFLOPS,21.09 GMACs,3.46070,4.721577,3.90202,4.19057,10.16669,0.95613
2026-05-17 04:38:50,pruning_unstr_l1_0.4_linear,pruning,best_ckpt/g_best_vb,2.26 M,80.93 GFLOPS,21.09 GMACs,3.45524,4.722662,3.89807,4.18782,10.15483,0.95617
2026-05-17 05:08:20,pruning_unstr_l1_0.5_linear,pruning,best_ckpt/g_best_vb,2.26 M,80.93 GFLOPS,21.09 GMACs,3.44460,4.730202,3.88235,4.18299,9.97959,0.95633
2026-05-17 18:32:56,quant_dynamic_int8,quantization,best_ckpt/g_best_vb,2.13 M,76.7 GFLOPS,18.97 GMACs,3.43871,4.698770,3.89271,4.16721,10.18162,0.95404
2026-05-17 22:31:18,quant_static_int8,quantization,best_ckpt/g_best_vb,1.33 M,42.66 GFLOPS,2.12 GMACs,2.53156,4.115414,3.11765,3.37638,5.01472,0.94431
2026-05-21 18:00:17,basic_kd,distillation,best_ckpt/g_best_vb,571.66 K,20.43 GFLOPS,5.28 GMACs,2.61339,4.073756,3.32233,3.39486,7.61472,0.92684